UNQ_ID,FROM_DATE,TO_DATE,SerialNo,TXN_DATE_TIME,TXN_ID,TXN_TYPE,ACCOUNT_TYPE,STATEMENT_FOR_ACC,TXN_WITH_ACC,CHANNEL,REFERENCE,TXN_TYPE_D_C,STATUS,TXN_AMT,AVAILABLE_BLC_AFTER_TXN,TXN_WITH_INFO
U0001,2025-01-01,2025-01-31,1,2025-01-03 10:12:44,TXN10001,CASH_IN,PERSONAL,01711000001,AGENT90001,AGENT,REF-CI-001,C,SUCCESS,60000.00,60000.00,Agent Cash In - Gulshan
U0002,2025-01-01,2025-01-31,2,2025-01-04 11:02:10,TXN10002,SEND_MONEY,PERSONAL,01711000001,01711000002,APP,REF-SM-002,D,SUCCESS,20000.00,40000.00,Send Money to Rahim
U0003,2025-01-01,2025-01-31,3,2025-01-05 09:45:03,TXN10003,SEND_MONEY,PERSONAL,01711000001,01711000003,APP,REF-SM-003,D,SUCCESS,15000.00,25000.00,Send Money to Karim
U0004,2025-01-01,2025-01-31,4,2025-01-06 16:20:55,TXN10004,PAYMENT,PERSONAL,01711000001,01711000004,USSD,REF-PM-004,D,SUCCESS,10000.00,15000.00,Payment to Merchant Shop
U0005,2025-01-01,2025-01-31,5,2025-01-07 12:00:00,TXN10005,CASH_IN,PERSONAL,01711000001,AGENT90002,AGENT,REF-CI-005,C,SUCCESS,5000.00,20000.00,Agent Cash In - Banani
U0006,2025-01-01,2025-01-31,1,2025-01-04 11:02:10,TXN10002,RECEIVE_MONEY,PERSONAL,01711000002,01711000001,APP,REF-SM-002,C,SUCCESS,20000.00,20000.00,Received from Nasir
U0007,2025-01-01,2025-01-31,2,2025-01-04 15:33:21,TXN10006,SEND_MONEY,PERSONAL,01711000002,01711000005,APP,REF-SM-006,D,SUCCESS,12000.00,8000.00,Send Money to Sabbir
U0008,2025-01-01,2025-01-31,3,2025-01-05 18:10:02,TXN10007,CASH_OUT,PERSONAL,01711000002,AGENT90003,AGENT,REF-CO-007,D,SUCCESS,8000.00,0.00,Cash Out - Mirpur
U0009,2025-01-01,2025-01-31,1,2025-01-05 09:45:03,TXN10003,RECEIVE_MONEY,PERSONAL,01711000003,01711000001,APP,REF-SM-003,C,SUCCESS,15000.00,15000.00,Received from Nasir
U0010,2025-01-01,2025-01-31,2,2025-01-06 10:05:19,TXN10008,SEND_MONEY,PERSONAL,01711000003,01711000006,APP,REF-SM-008,D,SUCCESS,9000.00,6000.00,Send Money to Tanvir
U0011,2025-01-01,2025-01-31,3,2025-01-08 14:44:00,TXN10009,CASH_OUT,PERSONAL,01711000003,AGENT90004,AGENT,REF-CO-009,D,SUCCESS,6000.00,0.00,Cash Out - Uttara
U0012,2025-01-01,2025-01-31,1,2025-01-06 16:20:55,TXN10004,RECEIVE_PAYMENT,MERCHANT,01711000004,01711000001,USSD,REF-PM-004,C,SUCCESS,10000.00,10000.00,Payment from Nasir
U0013,2025-01-01,2025-01-31,2,2025-01-09 11:11:11,TXN10010,SETTLEMENT,MERCHANT,01711000004,BANK70001,BANK,REF-ST-010,D,SUCCESS,10000.00,0.00,Settlement to Bank
U0014,2025-01-01,2025-01-31,1,2025-01-04 15:33:21,TXN10006,RECEIVE_MONEY,PERSONAL,01711000005,01711000002,APP,REF-SM-006,C,SUCCESS,12000.00,12000.00,Received from Rahim
U0015,2025-01-01,2025-01-31,2,2025-01-10 09:00:00,TXN10011,CASH_OUT,PERSONAL,01711000005,AGENT90005,AGENT,REF-CO-011,D,SUCCESS,12000.00,0.00,Cash Out - Dhanmondi
U0016,2025-01-01,2025-01-31,1,2025-01-06 10:05:19,TXN10008,RECEIVE_MONEY,PERSONAL,01711000006,01711000003,APP,REF-SM-008,C,SUCCESS,9000.00,9000.00,Received from Karim
U0017,2025-01-01,2025-01-31,2,2025-01-11 17:25:40,TXN10012,SEND_MONEY,PERSONAL,01711000006,01711000007,APP,REF-SM-012,D,SUCCESS,9000.00,0.00,Send Money to Imran
